Position,Original,Mutant
1862,H,L
1860,H,P
1859,P,R
1858,I,L
1853,Y,C
1844,L,R
1839,L,S
1838,V,E
1837,W,C
1837,W,C
1837,W,G
1837,W,R
1833,V,M
1823,A,T
1819,N,S
1818,D,G
1812,P,A
1804,V,D
1803,G,A
1788,G,V
1787,C,S
1780,L,P
1778,D,N
1775,M,K
1775,M,R
1770,G,V
1766,I,N
1766,I,S
1764,L,P
1753,R,T
1752,A,P
1751,R,Q
1749,P,R
1748,G,D
1739,D,V
1739,D,G
1738,G,E
1738,G,R
1736,V,G
1736,V,A
1733,D,G
1720,T,A
1718,W,C
1718,W,C
1715,S,R
1715,S,N
1715,S,C
1715,S,R
1714,V,G
1417,V,G
1708,A,E
1706,G,A
1706,G,E
1706,G,R
1706,G,R
1699,R,Q
1699,R,W
1697,C,R
1695,F,V
1692,D,Y
1692,D,H
1692,D,N
1691,T,I
1691,T,K
1689,M,R
1686,H,Q
1686,H,R
1685,T,I
1685,T,A
1682,E,K
1675,T,I
1664,L,P
1662,F,S
1655,S,F
1652,M,I
1652,M,T
1637,P,L
1628,M,T
1623,A,G
1614,P,S
1613,S,G
1613,S,C
1606,K,E
1577,S,P
1564,L,P
1561,T,I
1559,E,Q
1559,E,K
1546,D,Y
1546,D,N
1534,V,M
1512,S,I
1507,R,T
1495,R,T
1495,R,M
1495,R,K
1468,N,H
1443,R,G
1419,E,Q
1402,H,Y
1378,V,I
1361,M,L
1361,M,L
1349,T,M
1347,R,G
1346,E,K
1320,S,P
1275,I,V
1266,S,T
1250,E,K
1247,V,I
1242,T,A
1238,P,L
1236,N,K
1219,E,D
1214,E,K
1203,R,Q
1201,G,S
1200,Q,H
1200,Q,H
1183,K,R
1181,V,I
1155,D,H
1150,P,S
1140,S,G
1139,S,I
1109,K,N
1101,S,N
1099,P,L
1048,G,V
1044,I,V
1040,S,N
1038,E,G
1028,R,H
1028,R,C
1008,M,I
1008,M,V
971,H,R
962,E,K
933,G,A
925,I,L
920,V,I
890,G,V
871,P,L
866,R,H
866,R,C
862,K,E
856,Y,H
842,E,G
841,R,Q
841,R,W
826,T,K
820,K,E
810,N,Y
804,Q,H
784,S,L
772,V,A
762,R,S
736,E,A
727,P,L
723,N,D
672,K,E
695,D,Y
693,D,Y
693,D,N
668,L,F
643,S,G
642,D,H
622,A,V
612,R,G
597,E,K
568,P,L
550,N,H
539,T,M
512,L,F
504,R,H
496,R,H
496,R,C
486,F,L
486,F,L
476,H,R
473,N,I
473,N,S
461,F,L
411,D,E
387,S,T
379,I,M
369,D,N
356,Q,R
346,P,S
334,P,L
333,T,A
316,S,G
297,M,I
297,M,I
280,A,G
276,T,R
275,G,D
275,G,S
271,V,M
246,L,V
239,H,R
214,D,G
214,D,G
191,V,I
186,S,Y
179,Y,C
170,R,W
155,Q,E
143,E,K
142,P,H
133,R,C
132,N,K
124,I,V
105,Y,C
102,A,G
96,D,G
71,R,T
71,R,M
71,R,K
71,R,G
67,D,Y
64,C,W
64,C,S
64,C,Y
64,C,R
64,C,G
61,C,Y
61,C,R
61,C,S
61,C,G
47,C,F
47,C,Y
47,C,R
47,C,S
45,K,Q
44,C,S
44,C,F
44,C,Y
44,C,R
44,C,S
41,H,L
41,H,R
41,H,Y
39,C,W
39,C,F
39,C,Y
39,C,G
39,C,R
39,C,S
37,T,R
37,T,K
26,I,N
24,C,W
24,C,Y
24,C,G
24,C,S
24,C,R
22,L,S
18,M,K
18,M,T
1,M,I
1,M,I
1,M,I
1,M,K
1,M,R
1,M,T
1,M,V
